{
  "YiJi": {
    "开山": "主要指相度墓地，运土埋葬。",
    "起造(建造)": "主要指相度阳宅，动土建房。",
    "修方": "主要指修补房屋，比如把房屋的旧椽、旧瓦更换，把失修脱落的墙壁修补，或者把大门、旁门修理，或者增造些亭台花坛等等。总之，虽是动土，但又不是全部新起造的工程和行为，称为“修方”。",
    "动土": "阳宅（即住房）建筑时，按所择时、日，用锄头在吉方锄下第一锄土的时间称“动土”。",
    "下基": "墙基挖好后，在吉方所下第一块基石的时间称“下基”。",
    "竖柱上梁": "指竖立柱子及上屋顶大梁。",
    "安门": "一般指安装门向正中之大门(主门)，也指房屋装设门户等工事。",
    "作灶": "安修厨灶，厨炉移位。",
    "进火": "一般指入宅。古时有进火的一套仪式，现小城镇和农村还有此习俗。",
    "移徙": "指搬家迁移人主所之意，迁移旧宅居所。",
    "修造": "修建房屋、修缮柜台，包括装修，维护或调整风水。指阳宅之坚造与修理。",
    "破土": "指埋葬死人之挖土，“破土”属阴宅，“动土”指阳宅。",
    "安葬": "举行埋葬仪式，将金斗(棺木)入土填好，形成墓基。",
    "立碑": "于阴宅墓前立石碑。",
    "入殓": "将尸体移入棺木中。",
    "除服": "除下丧服(古人有守孝之说)。",
    "订盟": "订婚(文定，过定，小聘，暗定)。",
    "纳采问名": "求婚之意。",
    "嫁娶": "男娶女嫁，举行结婚大典的吉日。",
    "裁衣": "裁制新娘衣服或制作寿衣。临近婚期前一个月，男方要备酒、蓝布和金银钗环交给媒人送到女方家",
    "冠笄": "“冠”指男、“笄”指女、举行男女成人的仪式、称之为冠笄。",
    "安床": "一般指铺定结婚新床或移旧床，也指安置睡床卧铺之意。",
    "祭祀": "祠堂祭祀祖先或在庙里拜神。",
    "祝福": "祈求神明降福或设醮(jiào)还愿之事。",
    "求嗣": "指向神明祈求后嗣（子孙）之意。",
    "伐木": "入山伐木。",
    "立券交易": "订立各种契约互相买卖之事。",
    "立券": "交易、订立各种契约互相买卖之事",
    "交易": "订立各种契约互相买卖之事",
    "出行": "出外旅游观光。远行，行人从出发地向目的地移动的交通行为",
    "沐浴": "指沐浴斋戒。祈福设醮或还愿时清洁身体之谓",
    "栽种": "播种百果，截杄接果。",
    "理发": "婴儿剃发或落发为尼。",
    "牧养": "牧养家畜。",
    "纳畜": "牧养、收买入家畜、家禽、宠物等。",
    "开渠穿井": "筑下水道、水沟，开凿水井。",
    "开市": "商店开张做生意或新年第一天开张。",
    "扫舍": "清扫房舍。",
    "开仓": "打开仓库。",
    "作梁": "砍伐树木作屋梁。",
    "补垣塞穴": "补修破墙，堵塞蚁穴鼠洞及其他洞穴。",
    "修饰垣墙": "即粉刷墙壁。",
    "造仓": "建筑仓库。",
    "会友": "面亲会友，宴会洽事。",
    "平治道途": "即修平道路。",
    "修屋垣": "拆除旧屋、围墙之事。",
    "入学": "指拜师接受教育。",
    "祈福": "祈求神明降福或设醮还愿之事。",
    "开光": "神佛像塑成后、供奉上位之事。",
    "塑绘": "寺庙之绘尽或雕刻神像、画雕人像等。",
    "齐醮": "设醮建立道场祈拜、求平安等事。",
    "出火": "谓移动神位，“火”指“香火”而言。",
    "纳采": "缔结婚姻的仪式、受授聘金。男家选定意中人后，请媒人向女家提亲，女家同意后，男家再备礼亲人前去求婚",
    "合帐": "制作蚊帐之事。",
    "纳婿": "指男方入赘于女方为婿之意。同嫁娶。",
    "剃头": "初生婴儿剃胎头或削发出家。",
    "整手足甲": "初生婴儿第一次修剪手足甲。",
    "分居": "指大家庭分家、各自另起炉灶之意。",
    "进人口": "指收纳养子女或认干儿子、干女儿。",
    "解除": "扫舍，指冲洗清扫宅舍、解除灾厄等事。",
    "起基动土": "建筑时、第一吹动起锄头挖土。",
    "伐木做梁": "砍伐树木制作屋顶梁木等事。",
    "竖柱": "竖立建筑物的柱子。架马，俗称起工架马，指建筑场所之鹰架",
    "上梁": "装上建筑物屋顶的大梁，西式建筑指屋顶之灌浆（预拌混凝土）。同架马。",
    "开柱眼": "指作柱木之事。",
    "穿屏扇架": "制作门扇、屏障等工作。",
    "盖屋合脊": "装盖房屋的屋顶等工作。",
    "求医疗病": "仅指求医治疗慢性痼疾或动手术。",
    "入宅": "即迁入新宅、所谓“新居落成典礼”也。",
    "挂匾": "指悬挂招牌或各种匾额。",
    "置产": "所购置的资产，除了众多实物外，还包括品类众多的虚假财产",
    "纳财": "购置产业、进货、收帐、收租、讨债、贷款、五谷入仓等。",
    "酝酿": "指酿酒、造酱料等事。",
    "捕捉": "扑灭农作物害虫或生物。",
    "畋猎": "打猎或捕捉禽兽。",
    "教牛马": "谓训练牛马之工作。",
    "破屋": "指拆房扒墙，重新砌墙、建房等。",
    "破屋坏垣": "指拆房扒墙，重新砌墙、建房等。",
    "拆卸": "拆掉建筑物",
    "掘井": "开凿水井",
    "开池": "开凿水井、挖掘池塘",
    "放水": "建筑蓄水池、将水灌入蓄水池",
    "开厕": "建造厕所。",
    "造仓库": "建筑仓库或修理仓库",
    "塞穴": "指堵塞洞穴或蚁穴等",
    "平治道涂": "指铺平道路等工事",
    "修墓": "修理坟墓等事",
    "启攒": "指“洗骨”之事。俗谓“拾金”也",
    "开生坟": "开造坟墓。指人未死，先找地作坟墓",
    "合寿木": "制作棺材",
    "谢土": "建筑物完工后所举行的祭祀",
    "移柩": "举行葬仪时、将棺木移出屋外之事",
    "宴会": "宾主在一起饮酒吃饭的集会（指比较隆重的）",
    "搬家": "搬家迁移住所之意",
    "求财": "指祈求通过投资等活动来获得自己想要的财物。",
    "动工": "指土木工程开工的时间",
    "赴任": "指马上上任，去某地担任职务",
    "开基": "建筑时，第一次动起锄头挖土。这个是除了基础以外的动工",
    "砌灶": "指安修厨灶、厨炉移位",
    "盖屋": "指装盖房屋的屋顶等工作",
    "词讼": "即诉讼，打官司",
    "起工架马": "凡匠人开工，须按祖师留下的规矩，将木马先放在吉方，故用以表示开工",
    "经商": "做生意",
    "造桥": "指建造或制作桥梁",
    "开凿池塘": "开凿、挖掘池塘",
    "出入财物": "指出入货、销货、放债、收债等",
    "买田地": "耕种用的土地",
    "开仓库": "出货财、商家之出货、销货、放债",
    "出货财": "指出货、销货、放债",
    "开渠": "指开通河道或水沟的意思",
    "修井": "指对水源井、地热井、油井、盐卤井等管井的维修工作",
    "穿井": "挖凿井泉",
    "筑堤防": "指修筑或加固河堤或海堤",
    "定磉扇架": "磉是指柱下的石头，意为着平建基，固定石磉，扇架是指制作门扇",
    "出财放债": "借钱给人以收取利息",
    "小儿剃头": "仅指初生婴儿第一次剃胎发",
    "乘船渡水": "指出行坐船",
    "上官": "在政府担任职务的人",
    "立嗣": "没有儿子的人以别人的儿子承继；立继承人",
    "求谋": "谋略、谋生、谋计",
    "入山伐木": "上山砍伐树木制作屋顶梁木等",
    "宣政事": "宣布政府施政的事务",
    "出师": "完成从师学艺",
    "补垣": "修补房屋或者围墙",
    "行船": "通行船只；驾驶船只",
    "破券": "指破钞或花钱",
    "学技艺": "学习特殊技艺，行拜师礼",
    "问卜": "用算卦来解决疑难",
    "诸事不宜": "指这一天没有特别合适做的事",
    "开井、开池": "开凿水井、挖掘池塘。",
    "作陂、放水": "建筑蓄水池、将水灌入蓄水池。",
    "成服": "穿上丧服。",
    "归宁": "新婚后，新娘与新郎第一次回娘家。",
    "普渡": "祭祀超渡阴界的孤魂野鬼。",
    "经络": "安机器、织布、收蚕、安纺车、机器。",
    "斋醮": "庙宇建醮前需举行的斋戒仪式。",
    "酬神": "还愿，答谢神恩。公众号易经天下。",
    "造庙": "建造寺，庙，宫，观，堂。",
    "祀灶": "亦称'祭灶'、'送灶'。即祭拜灶神。",
    "焚香": "将一些带有特殊气味和芳香气味的植物放在火焰中烟熏火燎，如今可看成是烧香。",
    "问名": "男女双方各取年庚，供于神案，经数日无事即可合婚。",
    "安香": "安土地公或祖先之神位。",
    "开井开池": "开渠、筑阴沟、开鱼池；开凿水井、池塘。",
    "作陂放水": "建筑蓄水池、将水灌入蓄水池。",
    "安机": "安机器、安纺车。",
    "造车器": "造舟船；制造水陆交通工具(适新车交车)。",
    "馀事勿取": "除了黄历上规定的，其余的事情都不适合做"
  },
  "Pengzu": {
    "甲不开仓财物耗散": "逢甲日或逢甲时不能开仓开库，否则将会财务丢失耗散",
    "乙不栽植千株不长": "逢乙日或逢乙时不能进行农务方面的栽种，否则庄稼、树木将长不好",
    "丙不修灶必见灾殃": "逢丙日或逢丙时不能进行新建或维修厨房、灶台、炉具等，否则马上就有灾祸",
    "丁不剃头头必生疮": "逢丁日或逢丁时不能理发，否则头上生疮",
    "戊不受田田主不祥": "逢戊日或逢戊时不能买田地或房产，否则将会给买主带来不祥之兆",
    "己不破券二比并亡": "逢己日或逢己时不要花钱，否则将钱财两空",
    "庚不经络织机虚张": "逢庚日或逢庚时不要织布、纺线，否则织机白张枉费",
    "辛不合酱主人不尝": "逢辛日或逢辛时酿造行业的不能进行发酵和勾兑等事，做出的酱连做酱师傅自己都不愿意尝吃",
    "壬不泱水更难提防": "逢壬日或逢壬时不能进水放水、近水，容易发生溺淹之灾",
    "癸不词讼理弱敌强": "逢癸日或逢癸时不能诉讼之事，否则将可能引起败诉之果",
    "子不问卜自惹祸殃": "逢子日或逢子时不能求神问卜起卦之事，违之将自惹缠身之祸殃",
    "丑不冠带主不还乡": "逢丑日或逢丑时不能举行戴冠之礼，不穿新衣服，违之将可能有客死他乡之祸",
    "寅不祭祀神鬼不尝": "逢寅日或逢寅时不能祭祀神鬼，鬼神不会享用祭祀用品",
    "卯不穿井水泉不香": "逢卯日或逢卯时不能挖井，否则泉水不香",
    "辰不哭泣必主重丧": "逢辰日或逢辰时不能哭泣，如果犯之家中要出重丧，重丧指家属有两人相继死亡",
    "巳不远行财物伏藏": "逢巳日或逢巳时不能远行并将自己重要财物隐蔽地藏起来，以防损失",
    "午不苫盖屋主更张": "逢午日或逢午时不能搭盖庐舍、草屋、修房顶之事，否则住宅会更换宅主",
    "未不服药毒气入肠": "逢未日或逢未时不能服药，否则不但不能治病还会对身体有毒性",
    "申不安床鬼祟入房": "逢申日或逢申时不能移动床位或新装床铺，否则鬼祟进入房间",
    "酉不会客醉坐颠狂": "逢酉日或逢酉时不能宴请客人或去赴宴，否则客人都会喝醉,耍酒风,有伤大雅",
    "戌不吃犬作怪上床": "逢戌日或逢戌时不能吃狗肉，否则睡觉时候会引来怪事情",
    "亥不嫁娶不利新郎": "逢亥日或逢亥时不能进行婚姻嫁娶之事，对新郎不利"
  },
  "Headers": {
    "周数": "当前日期是在当年第几周，以星期一作为一周的起点。",
    "宜": "今日适合做的事情。",
    "忌": "今日不宜做的事情。",
    "吉神宜趋": "宜接近，会有吉利的神明。",
    "凶煞宜忌": "应远离，会有冲犯不好的事发生。",
    "彭祖百忌": "每日时辰应忌讳之事。",
    "冲煞": "冲煞的生肖年岁，应该尽量避讳，并且注意冲煞方位，避免朝该方面行事，以免遭惹无妄之灾。而冲犯年岁者，上列诸事亦应回避或不宜为之，民间传统信仰，也习惯以「安太岁」的程序，祈求年度诸事的顺遂。",
    "岁次": "农民历之日期。",
    "今日胎神": "胎神方位禁忌孕妇频繁走动，要注意休养。不能有所改动（如修造、移动床位等）否则会对得罪胎神。",
    "禄": "禄神为四柱神煞之一，是民间信仰中的主司官禄之神。"
  }
}